entry_id,item_name,item_category,unit_price,quantity,action_type,employee_name,employee_role,shift,log_timestamp,warehouse_location,reason,supplier_name,customer_name,status
1,Screwdriver Set,Tools,182.94,30,IN,Sarah Kim,Warehouse Clerk,Evening,2025-04-20 18:06:00,Rack B2,Inventory correction,ToolWorks,,Fulfilled
2,Hand Sanitizer,Chemicals,159.78,16,IN,John Perez,Inventory Manager,Morning,2025-04-11 09:09:00,Rack A1,Shipment arrived,GadgetCorp,,Received
3,Gloves,Perishables,66.54,6,OUT,John Perez,Inventory Manager,Morning,2025-04-20 11:57:00,Rack A1,Inventory correction,,FastMart,Received
4,Gloves,Perishables,158.45,26,ADJUST,Robert Cruz,Shift Supervisor,Night,2025-04-24 19:17:00,Rack C3,Inventory correction,,,Pending
5,Screwdriver Set,Tools,159.43,21,ADJUST,Sarah Kim,Warehouse Clerk,Evening,2025-04-23 08:49:00,Rack E5,Shipment arrived,,,Pending
6,Wireless Mouse,Electronics,20.76,80,ADJUST,John Perez,Inventory Manager,Morning,2025-04-15 09:29:00,Rack B2,Routine audit,,,Pending
7,LED Monitor,Electronics,7.4,17,ADJUST,Robert Cruz,Shift Supervisor,Night,2025-04-23 22:26:00,Rack B2,Order #234,,,Pending
8,Screwdriver Set,Tools,43.2,68,IN,James Lee,Forklift Operator,Night,2025-04-22 02:52:00,Rack B2,Customer request,GadgetCorp,,Pending
9,Hand Sanitizer,Chemicals,135.21,35,IN,Emily Tran,Inventory Clerk,Morning,2025-04-20 07:13:00,Rack D4,Inventory correction,BrightTech,,Fulfilled
10,Screwdriver Set,Tools,77.15,25,ADJUST,Emily Tran,Inventory Clerk,Morning,2025-04-08 20:16:00,Rack E5,Routine audit,,,Pending
11,Screwdriver Set,Tools,29.94,11,ADJUST,Robert Cruz,Shift Supervisor,Night,2025-04-23 15:34:00,Rack B2,Shipment arrived,,,Received
12,Wireless Mouse,Electronics,18.41,38,IN,John Perez,Inventory Manager,Morning,2025-04-10 08:10:00,Rack A1,Order #234,GadgetCorp,,Received
13,Hand Sanitizer,Chemicals,80.49,41,ADJUST,Robert Cruz,Shift Supervisor,Night,2025-04-18 22:07:00,Rack A1,Inventory correction,,,Received
14,LED Monitor,Electronics,85.98,4,OUT,Emily Tran,Inventory Clerk,Morning,2025-04-07 18:04:00,Rack B2,Order #234,,Delta Retail,Fulfilled
15,Gloves,Perishables,142.75,10,OUT,John Perez,Inventory Manager,Morning,2025-04-12 02:28:00,Rack D4,Shipment arrived,,NovaWare,Fulfilled
16,Wireless Mouse,Electronics,63.1,64,IN,Emily Tran,Inventory Clerk,Morning,2025-04-22 05:34:00,Rack E5,Routine audit,ToolWorks,,Pending
17,Screwdriver Set,Tools,62.9,92,IN,Sarah Kim,Warehouse Clerk,Evening,2025-04-14 05:56:00,Rack C3,Customer request,SafeTouch Inc,,Pending
18,Screwdriver Set,Tools,84.3,36,ADJUST,Sarah Kim,Warehouse Clerk,Evening,2025-04-03 19:50:00,Rack A1,Shipment arrived,,,Received
19,Hand Sanitizer,Chemicals,163.92,100,OUT,Emily Tran,Inventory Clerk,Morning,2025-04-09 14:48:00,Rack C3,Order #234,,Delta Retail,Fulfilled
20,Screwdriver Set,Tools,41.88,4,ADJUST,James Lee,Forklift Operator,Night,2025-04-21 16:45:00,Rack B2,Order #234,,,Received
21,Wireless Mouse,Electronics,121.51,30,ADJUST,Sarah Kim,Warehouse Clerk,Evening,2025-04-20 17:21:00,Rack D4,Order #234,,,Pending
22,Gloves,Perishables,133.69,47,IN,John Perez,Inventory Manager,Morning,2025-04-03 04:53:00,Rack E5,Customer request,ToolWorks,,Received
23,Hand Sanitizer,Chemicals,30.3,99,OUT,John Perez,Inventory Manager,Morning,2025-04-18 03:18:00,Rack D4,Order #234,,NovaWare,Pending
24,Screwdriver Set,Tools,189.61,69,ADJUST,James Lee,Forklift Operator,Night,2025-04-23 16:16:00,Rack E5,Order #234,,,Fulfilled
25,LED Monitor,Electronics,162.86,24,OUT,John Perez,Inventory Manager,Morning,2025-04-22 03:33:00,Rack D4,Inventory correction,,FastMart,Pending
26,Gloves,Perishables,132.47,27,OUT,Robert Cruz,Shift Supervisor,Night,2025-04-21 19:06:00,Rack A1,Routine audit,,FastMart,Fulfilled
27,LED Monitor,Electronics,37.7,27,IN,John Perez,Inventory Manager,Morning,2025-04-07 21:09:00,Rack A1,Order #234,GadgetCorp,,Pending
28,Screwdriver Set,Tools,122.24,50,IN,Robert Cruz,Shift Supervisor,Night,2025-04-14 07:35:00,Rack E5,Routine audit,CleanPlus,,Fulfilled
29,Hand Sanitizer,Chemicals,39.34,69,ADJUST,Emily Tran,Inventory Clerk,Morning,2025-04-14 19:03:00,Rack E5,Order #234,,,Received
30,Screwdriver Set,Tools,41.53,79,IN,Emily Tran,Inventory Clerk,Morning,2025-04-17 17:38:00,Rack A1,Shipment arrived,GadgetCorp,,Received
31,Hand Sanitizer,Chemicals,52.15,66,ADJUST,James Lee,Forklift Operator,Night,2025-04-05 03:01:00,Rack A1,Customer request,,,Pending
32,Screwdriver Set,Tools,179.77,77,IN,Emily Tran,Inventory Clerk,Morning,2025-04-14 03:15:00,Rack D4,Routine audit,SafeTouch Inc,,Fulfilled
33,Gloves,Perishables,15.8,73,IN,Robert Cruz,Shift Supervisor,Night,2025-04-18 13:03:00,Rack A1,Customer request,BrightTech,,Fulfilled
34,Screwdriver Set,Tools,52.08,86,IN,Robert Cruz,Shift Supervisor,Night,2025-04-21 00:10:00,Rack B2,Routine audit,CleanPlus,,Pending
35,Screwdriver Set,Tools,136.64,85,ADJUST,John Perez,Inventory Manager,Morning,2025-04-24 06:46:00,Rack A1,Customer request,,,Fulfilled
36,Gloves,Perishables,166.3,55,OUT,Robert Cruz,Shift Supervisor,Night,2025-04-01 17:51:00,Rack D4,Order #234,,Delta Retail,Fulfilled
37,Hand Sanitizer,Chemicals,62.06,26,ADJUST,Robert Cruz,Shift Supervisor,Night,2025-04-22 03:43:00,Rack E5,Routine audit,,,Pending
38,Screwdriver Set,Tools,162.0,51,OUT,James Lee,Forklift Operator,Night,2025-04-17 18:16:00,Rack B2,Customer request,,Delta Retail,Pending
39,Wireless Mouse,Electronics,29.22,1,OUT,Robert Cruz,Shift Supervisor,Night,2025-04-13 00:31:00,Rack D4,Routine audit,,Omega Supplies,Pending
40,Screwdriver Set,Tools,190.86,82,ADJUST,Sarah Kim,Warehouse Clerk,Evening,2025-04-03 12:38:00,Rack E5,Customer request,,,Received
41,Wireless Mouse,Electronics,40.78,60,ADJUST,Sarah Kim,Warehouse Clerk,Evening,2025-04-05 03:18:00,Rack E5,Customer request,,,Pending
42,LED Monitor,Electronics,4.23,6,ADJUST,John Perez,Inventory Manager,Morning,2025-04-12 02:45:00,Rack B2,Routine audit,,,Received
43,Hand Sanitizer,Chemicals,49.98,58,OUT,Sarah Kim,Warehouse Clerk,Evening,2025-04-18 20:47:00,Rack C3,Order #234,,NovaWare,Fulfilled
44,Screwdriver Set,Tools,46.39,52,OUT,Sarah Kim,Warehouse Clerk,Evening,2025-04-15 00:42:00,Rack E5,Inventory correction,,RetailX,Received
45,Hand Sanitizer,Chemicals,174.32,67,ADJUST,Sarah Kim,Warehouse Clerk,Evening,2025-04-13 07:12:00,Rack A1,Routine audit,,,Received
46,Screwdriver Set,Tools,25.33,65,IN,John Perez,Inventory Manager,Morning,2025-04-13 17:15:00,Rack C3,Order #234,ToolWorks,,Fulfilled
47,LED Monitor,Electronics,64.92,33,IN,Sarah Kim,Warehouse Clerk,Evening,2025-04-01 05:46:00,Rack B2,Order #234,ToolWorks,,Pending
48,Wireless Mouse,Electronics,183.63,69,IN,James Lee,Forklift Operator,Night,2025-04-12 10:45:00,Rack A1,Inventory correction,ToolWorks,,Received
49,Wireless Mouse,Electronics,106.29,100,ADJUST,John Perez,Inventory Manager,Morning,2025-04-01 23:27:00,Rack E5,Routine audit,,,Pending
50,Gloves,Perishables,3.89,14,ADJUST,Robert Cruz,Shift Supervisor,Night,2025-04-08 07:54:00,Rack A1,Order #234,,,Received
